Complaint ID,Company,Issue,Sub-issue,Date received
10197420,EdFinancial Services,Dealing with your lender or servicer,Trouble with how payments are being handled,2024-09-21
10348617,"Navient Solutions, LLC.",Dealing with your lender or servicer,Received bad information about your loan,2024-10-04
10467578,"Navient Solutions, LLC.",Dealing with your lender or servicer,Received bad information about your loan,2024-10-16
10595816,MOHELA,Dealing with your lender or servicer,Trouble with how payments are being handled,2024-10-27
11250311,"Maximus Federal Services, Inc.",Dealing with your lender or servicer,Received bad information about your loan,2024-12-22
11449150,SLM CORPORATION,Dealing with your lender or servicer,Don't agree with the fees charged,2025-01-09
11545374,MOHELA,Dealing with your lender or servicer,Trouble with how payments are being handled,2025-01-15
12018020,MOHELA,Dealing with your lender or servicer,Trouble with how payments are being handled,2025-02-10
12483948,"Nelnet, Inc.",Dealing with your lender or servicer,Problem with customer service,2025-03-14
14145313,MOHELA,Dealing with your lender or servicer,Trouble with how payments are being handled,2025-06-18
15900278,"Maximus Federal Services, Inc.",Dealing with your lender or servicer,Problem with customer service,2025-09-12
16453413,"Navient Solutions, LLC.",Dealing with your lender or servicer,Trouble with how payments are being handled,2025-10-08
16947658,Central Research Inc,Dealing with your lender or servicer,Trouble with how payments are being handled,2025-10-31
17255723,"Maximus Federal Services, Inc.",Dealing with your lender or servicer,Received bad information about your loan,2025-11-14
17366488,"Nelnet, Inc.",Dealing with your lender or servicer,Received bad information about your loan,2025-11-19
17892214,MOHELA,Dealing with your lender or servicer,Trouble with how payments are being handled,2025-11-26
19128056,"Nelnet, Inc.",Dealing with your lender or servicer,Received bad information about your loan,2026-01-30
20071236,"Maximus Federal Services, Inc.",Dealing with your lender or servicer,Received bad information about your loan,2026-03-07
20512744,"SOFI TECHNOLOGIES, INC.",Dealing with your lender or servicer,Trouble with how payments are being handled,2026-03-23
21301858,Servicer under contract with Federal Student Aid,Dealing with your lender or servicer,Received bad information about your loan,2026-04-16
21870375,"Navient Solutions, LLC.",Dealing with your lender or servicer,Problem with customer service,2026-05-04
23255652,"Nelnet, Inc.",Dealing with your lender or servicer,Received bad information about your loan,2026-06-16
7540063,"Navient Solutions, LLC.",Dealing with your lender or servicer,Don't agree with the fees charged,2023-09-12
7735277,"Nelnet, Inc.",Dealing with your lender or servicer,Don't agree with the fees charged,2023-10-20
7794393,"Maximus Federal Services, Inc.",Dealing with your lender or servicer,Trouble with how payments are being handled,2023-11-02
7796705,MOHELA,Dealing with your lender or servicer,Need information about your loan balance or loan terms,2023-11-03
7828943,"Nelnet, Inc.",Dealing with your lender or servicer,Trouble with how payments are being handled,2023-11-10
7954164,"Nelnet, Inc.",Dealing with your lender or servicer,Problem with customer service,2023-12-05
8053248,EdFinancial Services,Dealing with your lender or servicer,Trouble with how payments are being handled,2023-12-25
8073286,"Maximus Federal Services, Inc.",Dealing with your lender or servicer,Received bad information about your loan,2023-12-29
8127644,HEARTLAND PAYMENT SYSTEMS INC,Dealing with your lender or servicer,Received bad information about your loan,2024-01-09
8161958,MOHELA,Dealing with your lender or servicer,Trouble with how payments are being handled,2024-01-12
8203488,"Nelnet, Inc.",Dealing with your lender or servicer,Need information about your loan balance or loan terms,2024-01-22
8522147,SLM CORPORATION,Dealing with your lender or servicer,Keep getting calls about your loan,2024-03-11
8608228,"Maximus Federal Services, Inc.",Dealing with your lender or servicer,Trouble with how payments are being handled,2024-03-22
8628256,"Maximus Federal Services, Inc.",Dealing with your lender or servicer,Problem with customer service,2024-03-26
9404323,"Navient Solutions, LLC.",Dealing with your lender or servicer,Received bad information about your loan,2024-07-02
9923725,"Navient Solutions, LLC.",Dealing with your lender or servicer,Need information about your loan balance or loan terms,2024-08-25
9959671,"Navient Solutions, LLC.",Dealing with your lender or servicer,Problem with customer service,2024-08-30
9959864,MOHELA,Dealing with your lender or servicer,Trouble with how payments are being handled,2024-08-30
